Year,Judgment Number,Court,Case Name,Case Number 1,Case Number 2,Case Number 3,Judgment Date,MNC,Judge1,Judge2,Judge3,Filename.rtf
1973,1,supreme court,Figuerido v Swaziland Electricity Board,1/1972,,,13 November 1973,[1973] SZSC 1,"Schreiner,P","Maisels,JA","Milne,JA",SZICA_1_1972.rtf
1978,1,supreme court,Commissioner of Taxes v Swaziland Ranches,Cv/Ap2/77,,,26 July 1978,[1978] SZSC 1,"Thompson,P","Milen,JA","Smit,JA",SZCA_2_1977.rtf
1980,1,supreme court,Morrison v Regem,Cr/Ap 11/1980,,,25 July 1980,[1980] SZSC 1,"Maisels,P","Isaacs,JA","van Winsen,JA",SZHC_11_1980.rtf
1981,1,supreme court,Ginindza v Regem,11/81,,,26 January 1981,[1981] SZSC 1,"Maisela,JP","Young,JA","Isaacs,JA",SZCA_11_1981.rtf
1981,2,supreme court,Shiba and Others v Regen,17/80,,,26 January 1981,[1981] SZSC 2,"Maisela,JP",,,SZCA_17_1980.rtf
1981,3,supreme court,Dlamin v State,Cr/Ap 9/80,,,27 January 1981,[1981] SZSC 3,"Maisela,JP","Young,JA","Isaacs,JA",SZCA_9_1980.rtf
1981,4,supreme court,Rex v Mabuza,23/81,,,27 January 1981,[1981] SZSC 4,"Maisela,JP","Young,JA","Isaacs,JA",SZCA_23_1981.rtf
1981,5,supreme court,Rex v Mpungose,6/81,,,27 January 1981,[1981] SZSC 5,"Maisels,JP","Isaacs,JA","Nathan,CJ",SZCA_6_1981.rtf
1981,6,supreme court,Tsabedze and Another v King,Cr/Ap 11/79,,,2 February 1981,[1981] SZSC 6,"Young,JA",,,SZCA_11_1979.rtf
1981,7,supreme court,Johnson v Commonwealth Development Corporation ,2/80,,,6 May 1981,[1981] SZSC 7,"Maisels,P","Young,JA","Isaacs,JA",SZCA_2_1980.rtf
1981,8,supreme court,Dlamin v Regem,8/81,,,3 June 1981,[1981] SZSC 8,"Maisela,JP","Isaacs,JA","Winsen,JA",SZCA_8_1981.rtf
1981,9,supreme court,Mthembu v Rex,2/81,,,3 June 1981,[1981] SZSC 9,"Maisels,P","Isaacs,JA","Winsen,JA",SZCA_2_1981.rtf
1981,10,supreme court,Mabuza v Regem,24/80,,,4 June 1981,[1981] SZSC 10,"Maisela,JP",WinsenJA,"Isaacs,JA",SZCA_24_1980.rtf
1982,1,supreme court,Hlophe v Regent,AC 19/1982,,,1 January 1982,[1982] SZSC 1,"Young,P","Isaacs,JA","Aaron,JA",SZAC_19_1982.rtf
1982,2,supreme court,Mamba v Regem,App 26/1982,,,1 January 1982,[1982] SZSC 2,"Young,P","Isaacs,JA","Aaron,JA",SZAC_26_1982.rtf
1982,3,supreme court,Mbhamali v King, CA 9/1982,,,1 January 1982,[1982] SZSC 3,"Maisels,P","Isaacs,JA","Van Winsen,JA",SZAC_9_1982.rtf
1982,4,supreme court,Masina v Rex, CA 13/81,,,25 January 1982,[1982] SZSC 4,"Maisels,JP","Isaacs,JA","Mahomed,JA",SZAC_13_1981b.rtf
1982,5,supreme court,Gama v Regem,CA 14/1981,,,26 January 1982,[1982] SZSC 5,"Maisels,JP","Mohammed,JA","Young,JA",SZAC_14_1981.rtf
1982,6,supreme court,Ginindza v Regem, CA 11/1981,,,26 January 1982,[1982] SZSC 6,"Maisels,JP","Young,JA","Isaacs,JA",SZAC_11_1981.rtf
1982,7,supreme court,Mabuza v Regem,App 23/1981,,,26 January 1982,[1982] SZSC 7,"Maisels,JP","Young,JA","Isaacs,JA",SZAC_23_1981.rtf
1982,8,supreme court,Mahlangu v Regem,Cr/Ap 13/1981,,,27 January 1982,[1982] SZSC 8,"Maisels,JP","Isaacs,JA","Mahomed,JA",SZAC_13_1981.rtf
1982,9,supreme court,Mashaba v Regem,Cr/Ap 15/1981,,,27 January 1982,[1982] SZSC 9,"Maisels,P","Young,JA","Isaacs,JA",SZAC_15_1981.rtf
1982,10,supreme court,Ndaba v Regem,AC 18/1981,,,28 January 1982,[1982] SZSC 10,"Maisels,JP","Young,JA","Isaacs,JA",SZAC_18_1981.rtf
1982,11,supreme court,Mdluli v King,App 22/1981,,,12 April 1982,[1982] SZSC 11,"Maisels,JP","Isaacs,JA","Mahomed,JA",SZAC_22_1981.rtf
1982,12,supreme court,Dlamini v Regem,App 4/1981,,,6 July 1982,[1982] SZSC 12,"Maisels,P","Isaacs,JA","Van Winsen,JA",SZCA_4_1981.rtf
1983,1,supreme court,Nxumalo v Queen,App 44/1983,,,1 January 1983,[1983] SZSC 1,"Maisels,P","Van Winsen,JA","Aaron,JA",SZAC_44_1983.rtf
1983,2,supreme court,Variety Investments (Pty) Ltd v Motsa,CA 2/1982,,,5 January 1983,[1983] SZSC 2,"Young,JA","Mahomed,JA","Aaron,JA",SZCA_2_1982.rtf
1983,3,supreme court,Bhembe v Queen,App 48/1982,,,15 February 1983,[1983] SZSC 3,"Maisels,P","Van Winsen,JA","Aaron,JA",SZAC_48_1982.rtf
1983,4,supreme court,Mazibuko v Queen,34/1982,,,15 February 1983,[1983] SZSC 4,"Maisels,P","Van Winsen,JA","Aaron,JA",SZAC_34_1982 (3).rtf
1983,5,supreme court,Lulane and Another v Queen,5/1983,,,16 February 1983,[1983] SZSC 5,"Maisels,P","Van Winsen,JA","Aaron,JA",SZCA_5_1983.rtf
1983,6,supreme court,Simelane v Queen,27/1982,,,17 March 1983,[1983] SZSC 6,"Maisels,P","Van Winsen,JA","Aaron,JA",SZCA_25_1981.rtf
1983,7,supreme court,Dlamini v Queen,25/1981,,,11 May 1983,[1983] SZSC 7,"Maisels,P","Welsh,JA","Aaron,JA",SZCA_25_1981.rtf
1983,8,supreme court,Ngwenya and Others v Queen,21/1982,,,1 June 1983,[1983] SZSC 8,"Isaacs,JA","Welsh,JA","Aaron,JA",SZCA_21_1982.rtf
1983,9,supreme court,Dlamini v Queen,52/1983,,,4 October 1983,[1983] SZSC 9,"Maisels,P","Welsh,JA","Isaacs,JA",SZCA_52_1983.rtf
1983,10,supreme court,Banda v Queen,4/1983,,,5 October 1983,[1983] SZSC 10,"Mahomed,JA","Maisels,JP","Isaacs,JA",SZCA_4_1983.rtf
1984,1,supreme court,Manana v Nxumalo,1/84,,,1 January 1984,[1984] SZSC 1,"Will,CJ","Welsh,JA","Isaacs,JA",SZCA_1_1984.rtf
1984,2,supreme court,Regem v Dlamini,46/84,,,1 January 1984,[1984] SZSC 2,"Welsh,JA","Isaacs,JA","Winsen,JA",SZCA_46_1984_Incomp.rtf
1984,3,supreme court,Vilakati v Regina,56/84,,,1 January 1984,[1984] SZSC 3,"Isaacs,A.J.P","Welsh,JA","Hannah,CJ",SZCA_56_1984.rtf
1984,4,supreme court,Magagula v Queen,27/83,,,15 June 1984,[1984] SZSC 4,"Maisels,JP","Isaacs,JA","Winsen,JA",SZCA_27_1983.rtf
1985,5,supreme court,Du Pont v Crown,54/1983,,,1 January 1985,[1985] SZSC 5,"Isaacs,JA","Van Winsen,JA","Aaron,JA",SZCA_54_1983.rtf
1985,6,supreme court,Dlamini v Regina,46/1984,,,29 March 1985,[1985] SZSC 6,"Isaacs,JA","Van Winsen,JA","Welsh,JA",SZCA_46_1985_Incomp.rtf
1986,7,supreme court,Potgieter v Klopper and Others,4/1985,,,1 January 1986,[1986] SZSC 7,"Maisels, JP","Isaacs, JA","Hannah, CJ",SZCA_4_1985.rtf
1986,8,supreme court,Mazibuko v Queen,24/1984,,,14 January 1986,[1986] SZSC 8,"Welsh, JA","Aaron, JA","Hannah, CJ",SZCA_24_1986.rtf
1986,9,supreme court,Dlamini v Queen,20/1985,,,11 March 1986,[1986] SZSC 9,"Maisels, JP","Aaron, JA","Hannah, CJ",SZCA_20_1986.rtf
1986,10,supreme court,Zungu v King,21/1985,,,11 March 1986,[1986] SZSC 10,"Maisels, JP","Aaron, JA","Hannah, CJ",SZCA_21_1986.rtf
1986,11,supreme court,Mkhabela v Regina,49/1985,,,13 March 1986,[1986] SZSC 11,"Van Winsen, JA","Welsh, JA","Aaron, JA",SZCA_49_1986.rtf
1986,12,supreme court,Hlophe v Regina,21/1983,,,14 March 1986,[1986] SZSC 12,"Van Winsen, JA","Welsh, JA","Hannah, CJ",SZCA_21_1983.rtf
1986,13,supreme court,Shongwe and Others v King,15/1986,,,10 October 1986,[1986] SZSC 13,"Maisels, JP","Isaacs, JA","Van Winsen, JA",SZCA_15_1986.rtf
1987,1,supreme court,Dlamini and Others v King,8/1984,,,11 March 1987,[1987] SZSC 1,"Maisels, JP","Welsh, JA","Hannah, AJA",SZAC_8_1984.rtf
1987,2,supreme court,Dlamini v Rex,30/1983,,,15 May 1987,[1987] SZSC 2,"Maisels, JP","Welsh, JA","Hannah, CJ",SZAC_30_1983.rtf
1987,3,supreme court,Hlatshwayo and Others v King,47/1984,,,15 May 1987,[1987] SZSC 3,"Maisels, JP","Cohen, AJA","Hannah, CJ",SZAC_47_1984.rtf
1987,4,supreme court,Mamba and Others v King,33/1986,,,15 May 1987,[1987] SZSC 4,"Maisels, JP","Cohen, AJA","Hannah, CJ",SZAC_33_1986.rtf
1987,5,supreme court,Simelane and Another v King,17/1986,,,17 June 1987,[1987] SZSC 5,"Maisels, JP","Welsh, JA","Dunn, AJA",SZAC_17_1986.rtf
1987,6,supreme court,Rennie v Rex,16/1987,,,5 October 1987,[1987] SZSC 6,"Melamet, JP","Welsh, JA","Kotze, JA",SZAC_16_1987.rtf
1987,7,supreme court,Simelane v King,2/1987,,,5 October 1987,[1987] SZSC 7,"Melamet, JP","Kotze, JA","Schreiner, JA",SZAC_2_1987b.rtf
1987,8,supreme court,Mkhonta v Attorney General,4/1987,,,6 October 1987,[1987] SZSC 8,"Melamet, JP","Welsh, JA","Kotze, JA",SZAC_4_1987.rtf
1987,9,supreme court,Sithole v Rex,3/1987,,,6 October 1987,[1987] SZSC 9,"Melamet, JP","Welsh, JA","Schreiner, JA",SZAC_3_1987.rtf
1987,10,supreme court,Dlamini v King,10/1986,,,8 October 1987,[1987] SZSC 10,"Melamet, JP","Schreiner, JA","Hannah, CJ",SZAC_10_1986.rtf
1987,11,supreme court,Dlamini v King,27/1986,,,8 October 1987,[1987] SZSC 11,"Melamet, JP","Welsh, JA","Hannah, CJ",SZAC_27_1986.rtf
1988,1,supreme court,Dlamini v Town Council of Mbabane,4/1988,,,1 January 1988,[1988] SZSC 1,"Melamet, JP","Schreiner, JA","Hannah, CJ",SZAC_4_1988.rtf
1988,2,supreme court,Landage Investments (Pty) Ltd v Reed,6/1988,,,1 January 1988,[1988] SZSC 2,"Schreiner, JA",,,SZAC_6_1988.rtf
1988,3,supreme court,Tonkwane Estates Ltd v Bank of Credit and Commerce and Another,299/1988,,,1 January 1988,[1988] SZSC 3,"Welsh, JA","Kotze, JA","Schreiner, JJA",SZAC_299_1988.rtf
1989,1,supreme court,Landage Investments (Pty) Ltd v Reed,6/1988,,,1 January 1989,[1989] SZSC 1,"Schreiner, JA","Welsh, JA","Leon, JA",SZAC_6_1988.rtf
1989,2,supreme court,Tonkwane Estates Ltd v Bank of Credit and Commerce Int (SWD) Ltd,299/1988,,,5 May 1989,[1989] SZSC 2,"Welsh, JA","Kotze, JA","Screiner, JA",SZAC_299_1988.rtf
1989,3,supreme court,Minister for Works and Communications v Swazi Air Charter Ltd,2/1989,,,11 October 1989,[1989] SZSC 3,"Welsh, JA","Schreiner, JA","Leon, JA",SZAC_2_1989.rtf
1989,4,supreme court,Mahlalela v Mahlalela,5/1986,,,12 October 1989,[1989] SZSC 4,"Melamet, JP","Schreiner, JA","Hannah, CJ",SZAC_5_1986.rtf
1991,1,supreme court,Bank of Credit and Commerce Int. SWD Ltd v Tonkwane Estates Ltd and Another (cons),7/1990,8/1990,9/1990,14 June 1991,[1991] SZSC 1,"Welsh, JA","Kotze, JA","Schreiner, JA",SZAC_7and8and9_1990.rtf
1991,2,supreme court,Swaziland Building Society v Dlamini,1/1991,,,30 September 1991,[1991] SZSC 2,"Welsh, JA","Kotze, JA","Schreiner, JA",SZAC_1_1991.rtf
1991,3,supreme court,Mngomezulu and Others v King,19/1990,,,1 October 1991,[1991] SZSC 3,"Melamet, JP","Welsh, JA","Kotze, JA",SZAC_19_1990.rtf
1991,4,supreme court,Mbhamali v King,10/1990,,,2 October 1991,[1991] SZSC 4,"Welsh, JA","Kotze, JA","Leon, JA",SZAC_10_1990.rtf
1991,5,supreme court,Mbhamali v Swaziland National Housing Board,4/1991,,,30 October 1991,[1991] SZSC 5,"Rooney, J",,,SZHC_4_1991.rtf
1992,1,supreme court,Maziya and Another v Rex,7/1991,,,2 April 1992,[1992] SZSC 1,"Kotze, AJP","Schreiner, JA","Hull, CJ",SZAC_7_1991.rtf
1992,2,supreme court,Dlamini v Matsenjwa,3/1991,,,30 September 1992,[1992] SZSC 2,"Melamet, JP","Welsh, JA","Hull, CJ",SZAC_3_1991.rtf
1992,3,supreme court,Ulrich v Muhle One Way Services (Pty) Ltd,1/1992,,,30 September 1992,[1992] SZSC 3,"Melamet, JP","Welsh, JA","Hull, CJ",SZAC_1_1992.rtf
1992,4,supreme court,Ndlovu and Another v King,10/1991,,,2 October 1992,[1992] SZSC 4,"Melamet, JP","Welsh, JA","Hull, CJ",SZAC_10_1991.rtf
1993,1,supreme court,Mhlongo and Others v Rex,185/92,,,1 January 1993,[1993] SZSC 1,Kotze JA,Hull CJ,,SZCA_185_1992.rtf
1993,2,supreme court,Msibi and Others v King,20/90,,,1 January 1993,[1993] SZSC 2,Browde JA,Kotze PA,Schreiner JA,SZCA_20_1990.rtf
1993,3,supreme court,Vilakati and Another v King,12/93,,,1 January 1993,[1993] SZSC 3,Melament JP,Schreiner JA,Nugent JA,SZCA_12_1993.rtf
1993,4,supreme court,Valley Estates (Pty) Ltd and Another v Nsoko Plantaters Ltd and Others ,1/93,,,23 April 1993,[1993] SZSC 4,Browde JA,Melament JA,Dunn AJA,SZCA_1_1993.rtf
1994,1,supreme court,Malaza v Malaza,9/1993,,,1 January 1994,[1994] SZSC 1,"Melamet, JP","Kotze, JA","Browde, JA",SZAC_9_1993.rtf
1994,2,supreme court,Vilakati and Another v King,12/1993,,,1 January 1994,[1994] SZSC 2,"Melamet, JP","Schreiner, JA","Nugent, AJA",SZAC_12_1993.rtf
1994,3,supreme court,Dludlu v King,12/1993,,,8 April 1994,[1994] SZSC 3,"Kotze, JA","Browde, JA","Hull, AJA",SZAC_12_1993b.rtf
1994,4,supreme court,Henwood v King,1/1999,,,8 April 1994,[1994] SZSC 4,"Kotze, JA","Browde, JA","Hull, AJA",SZAC_1_1991.rtf
1994,5,supreme court,Henwood v King,1/1999,,,8 April 1994,[1994] SZSC 5,"Hull, CJ",,,SZAC_1_1991b.rtf
1994,6,supreme court,Dlamini v Swaziland Development and Savings Bank,1/1994,,,5 May 1994,[1994] SZSC 6,"Hull, CJ",,,SZHC_1_1994.rtf
1994,7,supreme court,King v Mabuza,20/1993,,,17 June 1994,[1994] SZSC 7,"Melamet, JP","Kotze, JA","Schreiner, JA",SZAC_20_1993.rtf
1994,8,supreme court,Shongwe NO v Shongwe,76/1993,,,17 June 1994,[1994] SZSC 8,"Melamet, JP","Schreiner, JA","Dunn, AJA",SZAC_76_1993.rtf
1994,9,supreme court,Nkambule v Attorney General and Another,11/1993,,,1 July 1994,[1994] SZSC 9,"Melamet, JP","Schreiner, JA","Dunn, AJA",SZAC_11_1993.rtf
1994,10,supreme court,Standard Chartered Bank SWD Ltd v Mahlalela,No case no,,,1 July 1994,[1994] SZSC 10,"Melamet, JP","Schreiner, JA","Dunn, AJA",SZAC_0_1994.rtf
1995,1,supreme court,Shabangu v Commissioner of police and Others,4/95,,,1 January 1995,[1995] SZSC 1,Schreiner,Leon  JA,Browde JA,SZAC_4_1995.rtf
1995,2,supreme court,Swaziland Union of Financial insitution and Allied WorkersV Swaziland Insurance Brokers,23/94,,,18 April 1995,[1995] SZSC 2,Kotze J,Steyn JA,Tebbutt JA,SZAC_23_1994.rtf
1995,3,supreme court,SWD Union of Financial Institutions and Allied Workers v SWD Insurance Brokers (Pty),23/1994,,,18 April 1995,[1995] SZSC 3,"Kotze, JA","Steyn, JA","Tebbutt, JA",SZAC_23_1994.rtf
1995,4,supreme court,Shekwa and Another v King,21/1994,,,26 May 1995,[1995] SZSC 4,"Melamet, P","Schreiner, JA","Browde, JA",SZAC_21_1994.rtf
1995,5,supreme court,Shekwa and Another v King,21/94,,,26 May 1995,[1995] SZSC 5,Melamet P,Schreiner JA,Browde JA,SZAC_21_1994.rtf
1995,6,supreme court,Workers Representative Council v Manzini Town Council,3/1994,,,16 June 1995,[1995] SZSC 6,"Browde, JA","Melamet, P","Schreiner, JA",SZAC_3_1994.rtf
1995,7,supreme court,Workers Representative Council V Manzini Town Council,3/94,,,16 June 1995,[1995] SZSC 7,Melamet P,Schreiner JA,Browde JA,SZAC_3_1994.rtf
1995,8,supreme court,Shabangu v Commissioner of Police and Others,4/1995,,,17 June 1995,[1995] SZSC 8,"Schreiner, JA","Leon, JA","Browde, JA",SZAC_4_1995.rtf
1996,1,supreme court,Mahlalela v Ubombo Ranches Ltd,32/1995,,,1 January 1996,[1996] SZSC 1,"Schreiner, JA","Leon, JA","Browde, JA",SZAC_32_1995.rtf
1996,2,supreme court,Swaziland Sugar Association v Swaziland Food Processors (Pty) Ltd,4/1996,,,1 January 1996,[1996] SZSC 2,"Kotze, P","Steyn, JA","Tebbutt, JA",SZAC_4_1996.rtf
1996,3,supreme court,Xaba v Rex,25/1996,,,1 January 1996,[1996] SZSC 3,"Steyn, JA","Schreiner, JA","Leon, JA",SZAC_25_1996.rtf
1996,4,supreme court,Madi and Others v Rex,No case no,,,8 March 1996,[1996] SZSC 4,"Kotze, P","Schreiner, JA","Steyn, JA",SZAC_MADI.rtf
1996,5,supreme court,Mabelesa v Dorbyl Vehicle Trading and Finance Co (Pty) Ltd,No case no,,,1 April 1996,[1996] SZSC 5,"Kotze, P","Steyn, JA","Tebbutt, JA",SZAC_MABELESA.rtf
1996,6,supreme court,Ndlangamandla and 91 Others v Swaziland Brewers Ltd,3/1996,,,1 April 1996,[1996] SZSC 6,"Kotze, P","Steyn, JA","Tebbutt, JA",SZHC_3_1996.rtf
1996,7,supreme court,Swaziland Manufacturing and Allied Workers v Natex Swaziland Ltd,2/1996,,,1 April 1996,[1996] SZSC 7,"Kotze, P","Steyn, JA","Tebbutt, JA",SZAC_2_1996.rtf
1996,8,supreme court,Mkhwanazi and Another v King ,42/1993,,,12 April 1996,[1996] SZSC 8,"Kotze, P","Steyn, JA","Tebbutt, JA",SZAC_42_1993.rtf
1996,9,supreme court,Hlophe and Another v Rex,17/1996,,,16 April 1996,[1996] SZSC 9,"Sapire, ACJ","Matsebula,A J",,SZHC_17_1996.rtf
1996,10,supreme court,Director of Public Prosecutions v The Law Society of Swaziland,28/1995,,,23 May 1996,[1996] SZSC 10,"Browde, JA","Schreiner, JA","Leon, JA",SZAC_28_1995.rtf
1996,11,supreme court,Swazi Observer and Others v King,6/1996,,,26 August 1996,[1996] SZSC 11,"Sapire, ACJ","Matsebula, AJ",,SZHC_6_1996.rtf
1996,12,supreme court,Gamedze v King,9/1996,,,7 October 1996,[1996] SZSC 12,"Steyn, JA","Schreiner, JA","Tebbutt, JA",SZHC_9_1996.rtf
1996,13,supreme court,L.C. Von Wissell (Pty) Ltd v Basson,5/1996,,,7 October 1996,[1996] SZSC 13,"Tebbutt, JA","Schreiner, JA","Steyn, JA",SZAC_5_1996.rtf
1996,14,supreme court,Magagula v King,16/1995,,,7 October 1996,[1996] SZSC 14,"Tebbutt, JA","Schreiner, JA","Steyn, JA",SZAC_16_1995.rtf
1996,15,supreme court,Malinga v Commissioner of Police and Others,21/1996,,,7 October 1996,[1996] SZSC 15,"Steyn, JA","Schreiner, JA","Tebbutt, JA",SZHC_21_1996.rtf
1996,16,supreme court,King v Mavuso,2/1996,,,11 December 1996,[1996] SZSC 16,"Sapire, ACJ","Matsebula, J",,SZHC_2_1996.rtf
1997,1,supreme court, Dlamini v President of the Industrial Court,23/97,,,1 January 1997,[1997] SZSC 1,Tebbutt JA,Kotse JA,Browde JA,SZAC_23_1997a.rtf
1997,2,supreme court, Dlamini v Rex,18/97,,,1 January 1997,[1997] SZSC 2,Kotze p,Schreiner Ja,Browde JA,SZAC_18_1997.rtf
1997,3,supreme court, Mdluli and Others v Emaswati Coal (Pty),18/97,,,1 January 1997,[1997] SZSC 3,Schreiner JA,Leon JA,Steyn JA,SZAC_18_1996.rtf
1997,4,supreme court, Nkonyane v Rex,,,,1 January 1997,[1997] SZSC 4,Steyn JA,Schrwe,Leon JA,SZAC_NKONYANE.rtf
1997,5,supreme court, Nxumalo and Others v Attorney General,30/96,28/96,,1 January 1997,[1997] SZSC 5,Tebbutt JA,Kotze JA,Browde JA,SZAC_25_30_28_29_1996.rtf
1997,6,supreme court,King v  Fakudze,17/97,,,1 January 1997,[1997] SZSC 6,Schreiner JA,Steyn Ja,Leon Ja,SZAC_17_1997.rtf
1997,7,supreme court,King v  Ngwenya and Another ,33/96,,,1 January 1997,[1997] SZSC 7,Leon JA,Schreiner Ja,Steyn JA,SZCA_33_1996.rtf
1997,8,supreme court,King v  Phakathi,24/97`,,,1 January 1997,[1997] SZSC 8,Schreiner JA,Leon JA,Steyn JA,SZAC_24_1997.rtf
1997,9,supreme court,King v Fakudze and Another,20/97,,,1 January 1997,[1997] SZSC 9,Leon JA,Schreiner Ja,Steyn JA,SZCA_20_1997.rtf
1997,10,supreme court,King v Ngwenya and Another,33/96,,,1 January 1997,[1997] SZSC 10,Leon JA,Schreiner Ja,Steyn JA,SZAC_33_1996.rtf
1997,11,supreme court,King v Phakathi,23/97,,,1 January 1997,[1997] SZSC 11,Schreiner JA,Leon JA,Steyn JA,SZCA_24_1997.rtf
1997,12,supreme court,King v Thumbela,25/95,,,1 January 1997,[1997] SZSC 12,Leon JA,Schreiner Ja,Steyn JA,SZAC_25_1995.rtf
1997,13,supreme court,Swaziland Federation of Trade Unions v President of the Industrial Court of Swaziland and Another,11/97,,,1 January 1997,[1997] SZSC 13,Kotze p,Browde JA,Tebbutt Ja,SZAC_11_1997.rtf
1997,14,supreme court, Ginindza v Rex,40/96,,,3 April 1997,[1997] SZSC 14,Leon JA,Schreiner Ja,Steyn JA,SZAC_40_1996.rtf
1997,15,supreme court, Methula v Rex ,37/96,,,4 April 1997,[1997] SZSC 15,Steun JA,Schreiner Ja,Leon JA,SZAC_37_1996.rtf
1997,16,supreme court, Notise and Others v Rex,6/97,,,4 April 1997,[1997] SZSC 16,Steryn Ja,Schreiner Ja,Leon JA,SZAC_6_1997.rtf
1997,17,supreme court, Ntshamgase v Rex,43/97,,,4 April 1997,[1997] SZSC 17,Steyn JA,Schreiner Ja,Leon JA,SZAC_43_1996.rtf
1997,18,supreme court, Simelane v Deputy Sheriff ( Manzini) and Others,906/65,,,4 April 1997,[1997] SZSC 18,Leon JA,Schreiner Ja,Steyn JA,SZAC_906_1995.rtf
1997,19,supreme court,Mhlanga v King,35/97,,,4 April 1997,[1997] SZSC 19,Steyn JA,Schreiner Ja,Leon JA,SZAC_35_1996.rtf
1997,20,supreme court, Bhembe v Rex,27/96,,,7 April 1997,[1997] SZSC 20,Kotze JP,Tebbutt,Browde JA,SZAC_27_1996.rtf
1997,21,supreme court,Association of Lecturers and Academic Personnel and Another v Chairman of the Council of UNISWA and Others,622/96,,,8 April 1997,[1997] SZSC 21,Schreiner JA,Leon JA,Steyn JA,SZAC_622_1996.rtf
1997,22,supreme court, Mbhamali and Another v Rex,75/96,,,24 April 1997,[1997] SZSC 22,Kotze JP,Tebbutt,Browde JA,SZAC_75_1996.rtf
1997,23,supreme court,King v  Magagula,16/95,,,1 September 1997,[1997] SZSC 23,Leon JA,Schreiner Ja,Steyn JA,SZAC_16_1997.rtf
1997,24,supreme court,King v  Magongo,15/97,,,1 September 1997,[1997] SZSC 24,Schreiner JA,Leon JA,Steyn JA,SZAC_15_1997.rtf
1997,25,supreme court, Dlamini v Rex,13/97,,,22 September 1997,[1997] SZSC 25,Tebbutt JA,Kotse JA,Browde JA,SZAC_13_1997.rtf
1997,26,supreme court, Nwenya v Rex,29/97,,,22 September 1997,[1997] SZSC 26,Kotze JP,Tebbutt,Browde JA,SZAC_29_1997.rtf
1997,27,supreme court,Dlamini v ,77/96,,,22 September 1997,[1997] SZSC 27,Kotze JP,Tebbutt,Browde JA,SZAC_77_1996.rtf
1997,28,supreme court,Nkambule v Rex ,14/97,,,22 September 1997,[1997] SZSC 28,Kotze p,Tebbutt,Browde JA,SZAC_14_1997.rtf
1997,29,supreme court, Dlamini v Rex,22/97,,,23 September 1997,[1997] SZSC 29,Kotze JP,Tebbutt,Browde JA,SZAC_22_1997.rtf
1997,30,supreme court, Dube v Rex,41/96,,,23 September 1997,[1997] SZSC 30,Kotze JP,Tebbutt,Browde JA,SZAC_41_1996.rtf
1997,31,supreme court, Lekule v Rex,30/97,,,23 September 1997,[1997] SZSC 31,Kotze JP,Tebbutt,Browde JA,SZAC_30_1997.rtf
1997,32,supreme court,King v  Mahlalela,20/97,,,23 September 1997,[1997] SZSC 32,Steyn JA,Schreiner Ja,Leon JA,SZAC_20_1997.rtf
1997,33,supreme court, Mndzebele v Rex,21/97,,,24 September 1997,[1997] SZSC 33,Kotze p,Tebbutt,Browde JA,SZAC_21_1997.rtf
1997,34,supreme court, Shongwe v Rex,32/97,,,24 September 1997,[1997] SZSC 34,Kotze  JP,Tebbutt JA,Browde JA,SZHC_31_1997a.rtf
1997,35,supreme court, Sihlongonyane v Rex,40/97,,,24 September 1997,[1997] SZSC 35,Kotze JP,Tebbutt,Browde JA,SZAC_40_1997.rtf
1997,36,supreme court, Mwelase and Another v Rex,27/96,,,25 September 1997,[1997] SZSC 36,Kotze JP,Tebbutt,Browde JA,SZAC_27_1997.rtf
1997,37,supreme court,King v  Dlamini,28/97,,,25 September 1997,[1997] SZSC 37,Steyn JA,Schreiner Ja,Leon JA,SZAC_28_1997.rtf
1997,38,supreme court, Mnisi v Rex,39/96,,,29 September 1997,[1997] SZSC 38,Steyn JA,Screiner JA,Leon JA,SZAC_39_1996.rtf
1997,39,supreme court, Malinga v Commissioner of Police and Others,21/96,,,7 October 1997,[1997] SZSC 39,Steyn JA,Schreiner Ja,Tebbutt Ja,SZAC_21_1996.rtf
1997,40,supreme court, Gamedze v King,9/96,,,7 November 1997,[1997] SZSC 40,Steyn JA,Schreiner Ja,Tebbutt Ja,SZAC_9_1996a.rtf
1997,41,supreme court,Unitrans Swaziland Ltd Inyatsi Construction  Ltd,9/96,,,7 November 1997,[1997] SZSC 41,Kotze p,Browde JA,Tebbert JA,SZAC_11_07_1997a.rtf
1997,42,supreme court,"Shilubane , Ntiwane and Partners v Paul Mhlaba Shilubane and Another ",34/97,,,4 December 1997,[1997] SZSC 42,Kotze JP,Schwartzman A .JA,Browde JA,SZAC_34_1997a.rtf
1998,1,supreme court," Dlamini v Chairman, Road Transportation Board and Another",29/97,,,1 January 1998,[1998] SZSC 1,Kotze JP,Schreiner JA,Browde JA,SZCA_29_1997.rtf
1998,2,supreme court, Dlamini v President of the Industrial Court and Another,23/97,,,1 January 1998,[1998] SZSC 2,Tebburt JA,Kotze P,Browde JA,SZCA_23_1997.rtf
1998,3,supreme court, Fenwick v Imperial Car Rental ,9/98,,,1 January 1998,[1998] SZSC 3,Leon JA,Steyn JA,Tebbutt Ja,SZCA_9_1998e.rtf
1998,4,supreme court, Latiff v Swaziland Milling ,19/97,,,1 January 1998,[1998] SZSC 4,Kotze JP,Schreiner JA,Steyn JA,SZCA_19_1997.rtf
1998,5,supreme court, Mathabela and Others King,No case no,,,1 January 1998,[1998] SZSC 5,Kotze JP,Schreiner JA,Steyn JA,SZCA_19980427.rtf
1998,6,supreme court," Ndwandwe v Principal Secretary ,Ministry of Workers and Construction and 3Others",6/97,,,1 January 1998,[1998] SZSC 6,Leon JA,Steyn JA,Tebbutt Ja,SZCA_6_1997.rtf
1998,7,supreme court,Dlamini v Attorney General and Another,32/97,,,1 January 1998,[1998] SZSC 7,Kotze JP,Leon JA,Steyn JA,SZCA_32_1997.rtf
1998,8,supreme court,Swaziland Federation of Trade Unions v President of the Industrial Court odf Swaziland and Another,11/97,,,1 January 1998,[1998] SZSC 8,Kotze JP,Browde JA,Tebbutt Ja,SZHC_11_1997.rtf
1998,9,supreme court,swaziland Federation of Trade Unions v The President of the Industrial Court odf Swaziland and Another,11/97,,,1 January 1998,[1998] SZSC 9,Kotze JP,Browde JA,Tebbutt Ja,SZCA_11_1997.rtf
1998,10,supreme court,Various Creditors v Divers Debtors,No case no,,,1 January 1998,[1998] SZSC 10,Leon JA,Steyn JA,Tebbutt Ja,SZCA_19980810_Incomp.rtf
1998,11,supreme court, Khoza v King,45/97,,,19 March 1998,[1998] SZSC 11,Dunn J,Maphalala,,SZCA_45_1997_Incomp.rtf
1998,12,supreme court, Mngomezulu v King,32/97,,,15 April 1998,[1998] SZSC 12,Tebburt JA,Browde JA,Leon JA,SZCA_32_1997b.rtf
1998,13,supreme court, Phakatsi v King,10/97,,,15 April 1998,[1998] SZSC 13,Leon JA,Schreiner JA,Tebbutt Ja,SZCA_10_1997.rtf
1998,14,supreme court,Dlamini v King,30/97,,,16 April 1998,[1998] SZSC 14,Kotze JP,Leon JA,Tebbutt Ja,SZCA_30_1997.rtf
1998,15,supreme court, Masilela and Another v Rex,5/98,,,17 April 1998,[1998] SZSC 15,Kotze JP,Tebbutt JA,Browde JA,SZCA_5_1998.rtf
1998,16,supreme court, Maziya v Rex,1/98,,,21 April 1998,[1998] SZSC 16,Kotze JP,Schreiner JA,Steyn,SZCA_1_1998b.rtf
1998,17,supreme court, Naidoo v King,73/96,,,21 April 1998,[1998] SZSC 17,Steyn JA,Kotze P,Schreiner JA,SZCA_73_1996.rtf
1998,18,supreme court, Sibisi v King,2/98,,,21 April 1998,[1998] SZSC 18,Schreiner JA,Leon JA,Steyn JA,SZCA_2_1998.rtf
1998,19,supreme court,Dlamini v King,36/97,,,21 April 1998,[1998] SZSC 19,Kotze JP,Leon JA,Browde JA,SZCA_36_1997.rtf
1998,20,supreme court, Hlatshwayo and Another v King,23/96,,,22 April 1998,[1998] SZSC 20,Schreiner JA,Leon JA,Steyn JA,SZCA_23_1996.rtf
1998,21,supreme court, Sifundza v Rex,38/97,,,22 April 1998,[1998] SZSC 21,Schreiner JA,Leon JA,Steyn JA,SZCA_38_1997.rtf
1998,22,supreme court,Afri-Craft(Pty)Ltd v Tubecom Africa (Pty) Ltd and Another,27/98,,,22 April 1998,[1998] SZSC 22,Leon JA,Steyn JA,Tebbutt Ja,SZCA_27_1998.rtf
1998,23,supreme court,Dlamini v King,37/97,,,22 April 1998,[1998] SZSC 23,Steyn JA,Schreiner JA,Leon JA,SZCA_37_1997.rtf
1998,24,supreme court, Msibi v King,41/97,,,23 April 1998,[1998] SZSC 24,Tebburt JA,Kotze P,Browde JA,SZCA_41_1997.rtf
1998,25,supreme court, Jambali and Another v King,40/97,,,27 April 1998,[1998] SZSC 25,Schreiner JA,Leon JA,Browde JA,SZCA_40_1997.rtf
1998,26,supreme court, Crabtree v Bell Dewar and Hall Incorporated,17/97,,,19 May 1998,[1998] SZSC 26,Kotze JP,Schreiner JA,Browde JA,SZCA_17_1997.rtf
1998,27,supreme court, Mashaba and Another v King,7/98,,,24 September 1998,[1998] SZSC 27,Leon JA,Steyn JA,Tebbutt Ja,SZCA_7_1998.rtf
1998,28,supreme court," Dlamini v Chairman ,Road Transportation Board and Others",No case no,,,25 September 1998,[1998] SZSC 28,Leon JA,Steyn JA,Tebbutt Ja,SZCA_19960918.rtf
1998,29,supreme court, Mhlanga v King,6/98,,,28 September 1998,[1998] SZSC 29,Kotze JP,Schreiner JA,Browde JA,SZCA_6_1998.rtf
1998,30,supreme court, Dlamini v Rex,11/98,,,29 September 1998,[1998] SZSC 30,Leon JA,Steyn JA,Tebbutt Ja,SZCA_11_1998.rtf
1998,31,supreme court, Simelane v King,35/97,,,30 September 1998,[1998] SZSC 31,Kotze JP,Schreiner JA,Browde JA,SZCA_35_1997.rtf
1998,32,supreme court, Crabtee and Others v Bell Dewar and Hall,25/97,,,1 October 1998,[1998] SZSC 32,Kotze JP,Schreiner JA,Browde JA,SZCA_25_1997.rtf
1998,33,supreme court, Dlamini v King,18/97,,,1 October 1998,[1998] SZSC 33,Kotze JP,Schreiner JA,Browde JA,SZCA_18_1997b.rtf
1998,34,supreme court, Mkwanazi v Rex,4/97,,,1 October 1998,[1998] SZSC 34,Tebburt JA,Leon Ja,Steyn JA,SZCA_4_1997.rtf
1998,35,supreme court,Sigwane and Sigwane v Rex,10/98,,,1 October 1998,[1998] SZSC 35,Leon JA,Steyn JA,Tebbutt Ja,SZCA_10_1998.rtf
1998,36,supreme court, Gama v Mabuza,1/98,,,2 October 1998,[1998] SZSC 36,Leon JA,Steyn JA,Tebbutt Ja,SZCA_1_1998.rtf
1998,37,supreme court, Fenwick v Imperial Car Rental ,9/98,,,4 October 1998,[1998] SZSC 37,Leon JA,Steyn JA,Tebbutt Ja,SZCA_9_1998b.rtf
1998,38,supreme court, Dlamini v King,14/98,,,10 October 1998,[1998] SZSC 38,Kotze JP,Schreiner JA,Browde JA,SZCA_14_1998.rtf
1999,1,supreme court,Chambers v Dunseith,1193/1992,,,1 January 1999,[1999] SZSC 1,"Sapire, CJ",,,SZ_1193_1992.rtf
1999,2,supreme court,Mduduzi v Meridien Recoveries (Pty) Ltd,10/1999,,,1 January 1999,[1999] SZSC 2,"Schreiner, AJP","Leon, JA","Beck, AJA",SZAC_10_1999.rtf
1999,3,supreme court,Dlamini v Rex,20/1998,,,1 June 1999,[1999] SZSC 3,"Schreiner, AJP","Van Den Heever, JA","Shearer, JA",SZAC_19_1998.rtf
1999,4,supreme court,Dlamini v Rex,26/1997,,,1 June 1999,[1999] SZSC 4,"Browde, JA","Van Den Heever, JA","Shearer, JA",SZAC_26_1997.rtf
1999,5,supreme court,Myeni and Others v Rex,33/1997,,,1 June 1999,[1999] SZSC 5,"Browde, JA","Van Den Heever, JA","Shearer, JA",SZAC_33_1997.rtf
1999,6,supreme court,Shongwe v Rex,22/1998,,,1 June 1999,[1999] SZSC 6,"Schreiner, AJP","Van Den Heever, JA","Shearer, JA",SZAC_20_1998.rtf
1999,7,supreme court,Vilakati v Principal Secretary Ministry of Education and Others,25/1999,,,1 June 1999,[1999] SZSC 7,"Van Den Heever, AJA","Schreiner, AJP","Shearer, JA",SZAC_25_1999.rtf
1999,8,supreme court,Simelane v Rex,19/1998,,,8 June 1999,[1999] SZSC 8,"Schreiner, AJP","Van Den Heever, JA","Shearer, JA",SZAC_18_2001.rtf
1999,9,supreme court,Sithole and Another v Rex,18/1998,,,8 June 1999,[1999] SZSC 9,"Schreiner, AJP","Van Den Heever, JA","Shearer, JA",SZAC_18_1998.rtf
1999,10,supreme court,Rex v Simelane and Others,2/1997,,,10 June 1999,[1999] SZSC 10,"Schreiner, AJP","Leon, JA","Tebbutt, JA",SZAC_2_1997.rtf
1999,11,supreme court,E.B. Investment Ltd v Hester Loubser Trust and Another,23/1998,,,18 June 1999,[1999] SZSC 11,"Shearer, AJA","Shreiner, AJP","Van Den Heever, AJA",SZAC_23_1998.rtf
1999,12,supreme court,Nkwanyana v King,6/1999,,,24 November 1999,[1999] SZSC 12,"Steyn, JA","Leon, JA","Tebbutt, JA",SZAC_6_1999.rtf
1999,13,supreme court,Magagula v Swaziland Government,31/1998,,,25 November 1999,[1999] SZSC 13,"Leon, JP","Steyn, JA","Tebbutt, JA",SZAC_31_1998.rtf
1999,14,supreme court,Mavimbela v King,7/1999,,,26 November 1999,[1999] SZSC 14,"Leon, JP","Steyn, JA","Tebbutt, JA",SZAC_7_1999.rtf
1999,15,supreme court,Kunene v Nedbank (SWD) Ltd,34/1999,,,1 December 1999,[1999] SZSC 15,"Leon, JP","Steyn, JA","Tebbutt, JA",SZAC_34_1999.rtf
1999,16,supreme court,Dhlamini In re Swaziland National Housing Board v Dhlamini and Another,44/1999,,,3 December 1999,[1999] SZSC 16,"Browde, JA","Van Den Heever, JA","Shearer, JA",SZAC_44_1999.rtf
1999,17,supreme court,Dlamini and Others v Swaziland Development and Savings Bank,18/1999,,,3 December 1999,[1999] SZSC 17,"Browde, JA","Van Den Heever, JA","Shearer, JA",SZAC_18_1999.rtf
1999,18,supreme court,Dlamini v King,3/1999,,,3 December 1999,[1999] SZSC 18,"Browde, JA","Van Den Heever, JA","Shearer, JA",SZAC_3_1999.rtf
1999,19,supreme court,Dube v King,13/1999,,,3 December 1999,[1999] SZSC 19,"Browde, JA","Van Den Heever, JA","Shearer, JA",SZAC_13_1999.rtf
1999,20,supreme court,Dunseith v Chambers and Others,28/1999,,,3 December 1999,[1999] SZSC 20,"Browde, JA","Van Den Heever, JA","Shearer, JA",SZAC_28_1999.rtf
1999,21,supreme court,Freyja (Mbabane) (Pty) Ltd v Viva Inc. (Pty) Ltd,22/1999,,,3 December 1999,[1999] SZSC 21,"Browde, JA","Van Den Heever, JA","Shearer, JA",SZAC_22_1998.rtf
1999,22,supreme court,Khulu v Rex,13/1998,,,3 December 1999,[1999] SZSC 22,"Leon, JP","Steyn, JA","Tebbutt, JA",SZAC_13_1998.rtf
1999,23,supreme court,Mawelela v Mb Association of Money Lenders and Another,43/1999,,,3 December 1999,[1999] SZSC 23,"Leon, JP","Steyn, JA","Tebbutt, JA",SZAC_43_1999.rtf
1999,24,supreme court,Maziya v Rex,23/1999,,,3 December 1999,[1999] SZSC 24,"Leon, JP","Steyn, JA","Tebbutt, JA",SZAC_23_1999.rtf
1999,25,supreme court,Mdziniso v Attorney General,32/1999,,,3 December 1999,[1999] SZSC 25,"Browde, JA","Van Den Heever, JA","Shearer, JA",SZAC_32_1999.rtf
1999,26,supreme court,Standard Bank (SWD) Ltd v Budget Spares,30/1999,,,3 December 1999,[1999] SZSC 26,"Leon, JP","Steyn, JA","Tebbutt, JA",SZAC_30_1999.rtf
1999,27,supreme court,Swazi Plastic Industries Ltd v Fourie and Others,29/1999,,,3 December 1999,[1999] SZSC 27,"Browde, JA","Van Den Heever, JA","Shearer, JA",SZAC_29_1999.rtf
2000,1,supreme court, Motsa v Rex,36/00,,,1 January 2000,[2000] SZSC 1,Browde JA,Steyn JA,Beck JA,SZCA_36_2000.rtf
2000,2,supreme court, Ndlovu v Rex,14/00,,,1 January 2000,[2000] SZSC 2,Browde JA,Steyn JA,Beck JA,SZCA_14_2000.rtf
2000,3,supreme court,Jones General Supplies v Mozambique Hotel and Restaurant (Pty)Ltd,29/00,,,1 January 2000,[2000] SZSC 3,Shearer JA,Browde Ja,Heever JA,SZCA_29_2000.rtf
2000,4,supreme court,Mkhabela v Rex,15/00,,,1 January 2000,[2000] SZSC 4,Browde JA,Steyn JA,Beck JA,SZCA_15_2000.rtf
2000,5,supreme court,Swaziland Manufacturing and Allied Workers Union v Swaziland Bottling Company,20/00,,,1 January 2000,[2000] SZSC 5,Browde JA,Steyn JA,Beck JA,SZCA_20_2000.rtf
2000,6,supreme court,D.Z.Civils and Building (Pty)Ltd and Another v Standard Bank of Swaziland Ltd,56/99,,,31 May 2000,[2000] SZSC 6,Heever JA ,Leon JA,Beck JA,SZCA_56_1999.rtf
2000,7,supreme court,Chief Mdvuba Magagula v Chief Madzanga Ndwandwe and Others,34/00,,,14 June 2000,[2000] SZSC 7,Leon JP,Steyn JA,Beck JA,SZCA_34_2000.rtf
2000,8,supreme court, Dlamini v Government of Swaziland,18/00,,,12 December 2000,[2000] SZSC 8,Browde JA,Steyn JA,Beck JA,SZCA_18_2000.rtf
2000,9,supreme court, Dlamini v Principal Secretary in the Ministry and Another,12/00,,,12 December 2000,[2000] SZSC 9,Browde JA,Steyn JA,Beck JA,SZCA_12_2000.rtf
2000,10,supreme court, Fakudze v Rex,9/00,,,12 December 2000,[2000] SZSC 10,Leon JP,Shearer JA,Tebbutt JA,SZCA_9_2000.rtf
2000,11,supreme court, Masuku  v Meridien Recoveries (Pty) Ltd,24/00,,,12 December 2000,[2000] SZSC 11,Browde JA,Steyn JA,Beck JA,SZCA_24_2000.rtf
2000,12,supreme court, Mkhatswa v Rex,23/00,,,12 December 2000,[2000] SZSC 12,Steyn JA,Browde Ja,Beck JA,SZCA_23_2000.rtf
2000,13,supreme court, Ndwandwe v Rex,13/00,,,12 December 2000,[2000] SZSC 13,Browde JA,Steyn JA,Beck JA,SZCA_13_2000.rtf
2000,14,supreme court, Simelane and Others v Rex,8/00,,,12 December 2000,[2000] SZSC 14,Leon JP,Tebbutt JA,Shearer JA,SZCA_8_2000.rtf
2000,15,supreme court,Government of Swaziland and Another v Atlas Invectments (Pty) Ltd,11/00,,,12 December 2000,[2000] SZSC 15,Browde JA,Steyn JA,Beck JA,SZCA_11_2000.rtf
2000,16,supreme court,Principal Secretary Ministry of Agriculture and Another v  Lukhele,3/00,,,12 December 2000,[2000] SZSC 16,Browde JA,Steyn JA,Beck JA,SZCA_3_2000.rtf
2000,17,supreme court,Secretary to Cabinet and Others v Zwane,2/00,,,12 December 2000,[2000] SZSC 17,Steyn JA,Browde Ja,Beck JA,SZCA_2_2000.rtf
2000,18,supreme court, Magongo v King,2472/99,,,13 December 2000,[2000] SZSC 18,Leon JP,Tebbutt JA,Shearer JA,SZCA_2472_1999.rtf
2000,19,supreme court, Mazibuko and Others v Rex,27/00,,,13 December 2000,[2000] SZSC 19,Browde JA,Steyn JA,Beck JA,SZHC_27_2000.rtf
2000,20,supreme court, Mkhwanazi v  Maseko and Others,35/00,,,13 December 2000,[2000] SZSC 20,Leon JP,Tebbutt JA,Shearer JA,SZCA_35_2000.rtf
2000,21,supreme court, Motsa v King,25/00,,,13 December 2000,[2000] SZSC 21,Leon JP,Steyn JA,Beck JA,SZCA_25_2000.rtf
2000,22,supreme court,Chief Mtfuso (Formerly known as Nkenke Dlamini) and Others v Swaziland Government,40/00,,,13 December 2000,[2000] SZSC 22,Browde JA,Steyn JA,Beck JA,SZCA_40_2000.rtf
2000,23,supreme court,Memory Matiwane v Central Bank of Swaziland ,No case no,,,13 December 2000,[2000] SZSC 23,Browde JA,Steyn JA,Beck JA,SZCA20000803.rtf
2000,24,supreme court,Msibi v King,26/00,,,13 December 2000,[2000] SZSC 24,Browde JA,Steyn JA,Beck JA,SZCA_26_2000.rtf
2000,25,supreme court,Shiselweni Investments (Pty) Ltd v Swaziland Development and Savings Bank,50/99,,,13 December 2000,[2000] SZSC 25,Leon JP,Tebbutt JA,Shearer JA,SZHC_50_1999.rtf
2000,26,supreme court,VIF Limited v  Mathungwa and Others,31/00,,,13 December 2000,[2000] SZSC 26,Tebbutt JA,Shearer JA,Sapire JA,SZCA_31_2000.rtf
2000,27,supreme court,VIF Limited v Vuvulane Irrigation Farmers Association (Public) Company and Another,30/00,,,13 December 2000,[2000] SZSC 27,Tebbutt JA,Shearer JA,Sapire JA,SZCA_30_2000.rtf
2000,28,supreme court, Mathabela v Rex,No case no,,,18 December 2000,[2000] SZSC 28,Browde JA,Steyn JA,Beck JA,SZCA_19950107.rtf
2002,1,supreme court,Dlamini and Others v Rex,1/2002,,,1 January 2002,[2002] SZSC 1,Leon JP,Tebbutt JA,Beck JA,SZAC_1_2002.rtf
2002,2,supreme court,Gwebu and Anotehr v Rex,19/2002,20/2002,,1 January 2002,[2002] SZSC 2,Leon JP,Browde JA,Beck JA,SZAC_19_20_2002.rtf
2002,3,supreme court,Mcintype and Others v King,14/00,,,1 January 2002,[2002] SZSC 3,Leon JP,Steyn JA,Tebbutt JA,SZAC_14_2000.rtf
2002,4,supreme court,Moratele and Another v Rex,11/2002,,,1 January 2002,[2002] SZSC 4,Leon JP,Tebbutt JA,Beck JA,SZAC_11_2001.rtf
2002,5,supreme court,Sophocleous v  Sophocleous ,14/2001,,,1 January 2002,[2002] SZSC 5,Leon JP,Tebbutt JA,Beck JA,SZAC_14_2001.rtf
2002,6,supreme court,Joncon v Barloworld Capital (Pty)Ltd,41/2001,,,29 May 2002,[2002] SZSC 6,Browde JA,Steyn JA,Zietsman JA,SZAC_41_2001.rtf
2002,7,supreme court,Dlamini v Rex,6/2002,,,7 June 2002,[2002] SZSC 7,Steyn JA,Browde JA,Zietsman JA,SZAC_6_2002a.rtf
2002,8,supreme court,Fakudze v Commissioner of Police,8/2002,,,7 June 2002,[2002] SZSC 8,Browde JA,Steyn JA,Zietsman JA,SZAC_8_2002b.rtf
2002,9,supreme court,Gamedze and Others v Rex,7/2002,,,7 June 2002,[2002] SZSC 9,Browde JA,Steyn JA,Zietsman JA,SZAC_GAMEDZE.rtf
2002,10,supreme court,Ginindza and Others v Mamba and Another,8/2002,,,7 June 2002,[2002] SZSC 10,Browde JA,Steyn JA,Zietsman JA,SZAC_8_2002c.rtf
2002,11,supreme court,Mabaso v First National Bank of Swaziland,2/2002,,,7 June 2002,[2002] SZSC 11,Browde JA,Steyn JA,Zietsman JA,SZAC_2_2002.rtf
2002,12,supreme court,Macu v Mango and Others,No case no,,,7 June 2002,[2002] SZSC 12,Browde JA,Steyn JA,Zietsman JA,SZAC_MACU.rtf
2002,13,supreme court,Magagula v Rex,46/00,,,7 June 2002,[2002] SZSC 13,Browde JA,Steyn JA,Zietsman JA,SZAC_46_2000.rtf
2002,14,supreme court,Malaza v Rex,16/2002,,,7 June 2002,[2002] SZSC 14,Browde JA,Steyn JA,Zietsman JA,SZAC_16_2002.rtf
2002,15,supreme court,Matse v Rex,38/2002,,,7 June 2002,[2002] SZSC 15,Browde JA,Steyn JA,Zietsman JA,SZAC_38_2002a.rtf
2002,16,supreme court,Mavimbela Others v King,17/2002,,,7 June 2002,[2002] SZSC 16,Leon JP,Tebbutt JA,Beck JA,SZAC_17_2002a.rtf
2002,17,supreme court,Mavuso v Rex,13/2002,,,7 June 2002,[2002] SZSC 17,Browde JA,Steyn JA,Zietsman JA,SZAC_13_2002.rtf
2002,18,supreme court,Mazibuko v Rex,37/2001,,,7 June 2002,[2002] SZSC 18,Leon JP,Tebbutt JA,Beck JA,SZAC_37_2001.rtf
2002,19,supreme court,Ndzinisa v Commissioner of Taxes and 2 Otehrs,15/2001,,,7 June 2002,[2002] SZSC 19,Browde JA,Steyn JA,Zietsman JA,SZAC_15_2001.rtf
2002,20,supreme court,"Nedbank (Swaziland)Ltd v Ntiwane, Mamba and Partners",4/00,,,7 June 2002,[2002] SZSC 20,Browde JA,Steyn JA,Zietsman JA,SZAC_4_2000.rtf
2002,21,supreme court,"Nedbank(Swaziland )Ltd v Ntiwane ,Mamba and Partners",4/00,,,7 June 2002,[2002] SZSC 21,Browde JA,Steyn JA,Zietsman JA,SZHC_4_2000.rtf
2002,22,supreme court,Ngcamphalala and Others v Rex,17/2002,,,7 June 2002,[2002] SZSC 22,Leon JP,Tebbutt JA,Beck JA,SZAC_17_2002.rtf
2002,23,supreme court,Shabalala v Swaziland Government,2618/95,,,7 June 2002,[2002] SZSC 23,Browde JA,Steyn JA,Zietsman JA,SZAC_2618_1995.rtf
2002,24,supreme court,Shabangu v Rex ,2/2002,,,7 June 2002,[2002] SZSC 24,Leon JP,Tebbutt JA,Beck JA,SZAC_2_2002a.rtf
2002,25,supreme court,"Standard Bank Swailand Ltd v Ntiwane, Mamba and Partners",No case no,,,7 June 2002,[2002] SZSC 25,Browde JA,Steyn JA,Zietsman JA,SZAC_NTIWANE MAMBA.rtf
2002,26,supreme court,Dlamini v Dlamini and Others,50/2001,,,10 June 2002,[2002] SZSC 26,Leon JP,Tebbutt JA,Beck JA,SZHC_50_2001.rtf
2002,27,supreme court,Dlamini v Umbutfo Swaziland Defence Force and Others,27/2001,,,10 June 2002,[2002] SZSC 27,Leon JP,Tebbutt JA,Beck JA,SZAC_27_2001.rtf
2002,28,supreme court,Masuku v Director of Public Prosecutions and Another,14/2002,,,10 June 2002,[2002] SZSC 28,Leon JP,Tebbutt JA,Beck JA,SZAC_14_2002.rtf
2002,29,supreme court,Minister for Home Affairs and Others v Fakudze and Others,6/2002,,,10 June 2002,[2002] SZSC 29,Browde JA,Steyn JA,Zietsman JA,SZAC_6_2002b.rtf
2002,30,supreme court,Thwala v MaANGENI T/A Mlangeni and Company,48/2001,,,10 June 2002,[2002] SZSC 30,Leon JP,Tebbutt JA,Beck JA,SZAC_48_2001.rtf
2002,31,supreme court,University of Swailand v President of the Industrial Court and Another,16/2002,,,10 June 2002,[2002] SZSC 31,Leon JP,Tebbutt JA,Beck JA,SZHC_16_2002.rtf
2002,32,supreme court,Bataria and 2 Otehrs v Rex,8/2002,,,7 July 2002,[2002] SZSC 32,Leon JP,Tebbutt JA,Beck JA,SZAC_8_2002.rtf
2002,33,supreme court,Savells Furnishers v Lukhele,7/2002,,,29 October 2002,[2002] SZSC 33,Sapire JP,Matsebula JA,Maphalala JA,SZIC_7_2002.rtf
2002,34,supreme court,Dlamini v Rex,29/2002,,,4 November 2002,[2002] SZSC 34,Browde JA,Beck JA,Zietsman JA,SZAC_29_2002.rtf
2002,35,supreme court,Sihlongonyane v King,26/2002,,,4 November 2002,[2002] SZSC 35,Browde JA,Beck JA,Zietsman JA,SZAC_26_2002.rtf
2002,36,supreme court,Dlamini and  Another v Rex,40/2002,,,15 November 2002,[2002] SZSC 36,Browde JA,Beck JA,Zietsman JA,SZAC_40_2002.rtf
2002,37,supreme court,Dlamini v King,38/2002,,,15 November 2002,[2002] SZSC 37,Browde JA,Beck JA,Zietsman JA,SZAC_38_2002.rtf
2002,38,supreme court,Dlamini v Rex,22/2002,,,15 November 2002,[2002] SZSC 38,Leon JP,Steyn JA,Tebbutt JA,SZAC_22_2002.rtf
2002,39,supreme court,Dlamini v Rex,25/2002,,,15 November 2002,[2002] SZSC 39,Leon JP,Steyn JA,Tebbutt JA,SZAC_25_2002.rtf
2002,40,supreme court,Magagula v Rex,24/2002,,,15 November 2002,[2002] SZSC 40,Browde JA,Beck JA,Zietsman JA,SZAC_24_2002.rtf
2002,41,supreme court,Magongo v Rex,31/2002,,,15 November 2002,[2002] SZSC 41,Browde JA,Beck JA,Zietsman JA,SZAC_31_2002.rtf
2002,42,supreme court,Matsebula v Rex,2/2002,,,15 November 2002,[2002] SZSC 42,Leon JP,Steyn JA,Tebbutt JA,SZAC_6_2002.rtf
2002,43,supreme court,Matsebula v Rex,6/2002,,,15 November 2002,[2002] SZSC 43,Leon JP,Steyn JA,Tebbutt JA,SZHC_6_2002.rtf
2002,44,supreme court,Ndwandwe v Rex,33/2002,,,15 November 2002,[2002] SZSC 44,Browde JA,Beck JA,Zietsman JA,SZAC_33_2002.rtf
2002,45,supreme court,Nyawo v King,18/00,,,15 November 2002,[2002] SZSC 45,Browde JA,Beck JA,Zietsman JA,SZAC_18_2000.rtf
2002,46,supreme court,Shabangu v Rex ,34/2002,,,15 November 2002,[2002] SZSC 46,Leon JP,Steyn JA,Tebbutt JA,SZAC_34_2002.rtf
2002,47,supreme court,Shangwe and Others v Rex,11/2002,,,15 November 2002,[2002] SZSC 47,Leon JP,Steyn JA,Tebbutt JA,SZAC_11_2002.rtf
2002,48,supreme court,Shongwe v King,15/2002,,,15 November 2002,[2002] SZSC 48,Leon JP,Steyn JA,Tebbutt JA,SZAC_15_2002.rtf
2002,49,supreme court,Sibandze v Rex,10/2002,,,15 November 2002,[2002] SZSC 49,Browde JA,Beck JA,Zietsman JA,SZAC_10_2002.rtf
2002,50,supreme court,Sibandze v rex,No case no,,,15 November 2002,[2002] SZSC 50,Browde JA,Beck JA,Zietsman JA,SZHC_10_2002a.rtf
2002,51,supreme court,Commissiner of Police and Another v Vilakati,23/2002,,,21 November 2002,[2002] SZSC 51,Browde JA,Beck JA,Zietsman JA,SZAC_23_2002.rtf
2002,52,supreme court,E.J.and H Property Management Consultants Swaziland Ltd v Compton,36/2001,,,21 November 2002,[2002] SZSC 52,Browde JA,Beck JA,Zietsman JA,SZAC_36_2001.rtf
2002,53,supreme court,Fynn and Anotehr v Nxumalo,17/2002,,,21 November 2002,[2002] SZSC 53,Browde JA,Beck JA,Zietsman JA,SZAC_17_2002c.rtf
2002,54,supreme court,Midi (Propriety)Ltd v A.A Farms Ltd,37/2002,,,21 November 2002,[2002] SZSC 54,Browde JA,Beck JA,Zietsman JA,SZAC_37_2002.rtf
2002,55,supreme court,Commissiner of Police and Others v Fakudze,38/2002,,,22 November 2002,[2002] SZSC 55,Browde JA,Beck JA,Zietsman JA,SZHC_38_2002.rtf
2002,56,supreme court,Kirk v Dunn,25/2002,,,22 November 2002,[2002] SZSC 56,Leon JP,Steyn JA,Tebbutt JA,SZAC_25_2002a.rtf
2002,57,supreme court,Mamba v De Sousa,28/2002,,,22 November 2002,[2002] SZSC 57,Leon JP,Steyn JA,Tebbutt JA,SZAC_28_2002.rtf
2002,58,supreme court,Mamba v Delavaal ,19/2002,,,22 November 2002,[2002] SZSC 58,Leon JP,Steyn JA,Tebbutt JA,SZAC_19_2002.rtf
2002,59,supreme court,Zondo v Commissioner of Police and Another,36/2002,,,22 November 2002,[2002] SZSC 59,Leon JP,Steyn JA,Tebbutt JA,SZAC_36_2002.rtf
2004,1,supreme court,Lukhele and Another v King,23/2004,,,1 January 2004,[2004] SZSC 1,Browde JA,Steyn JA,Tebbutt JA,SZAC_23_2004a.rtf
2004,2,supreme court,Lukhele v Rex,28/2004,,,14 March 2004,[2004] SZSC 2,Leon JP ,Zietsman JA,Steyn JA,SZAC_28_2004.rtf
2004,3,supreme court,Dlamini v Dlamini,46/2003,,,18 March 2004,[2004] SZSC 3,Steyn JA,Leon JP,Zietaman JA,SZHCA_46_2003.rtf
2004,4,supreme court,Manana v King,733/2004,,,10 November 2004,[2004] SZSC 4,Beck JA,Leon JA,Zietaman JA,SZAC_733_2004.rtf
2004,5,supreme court,Gama v King,3/2003,,,12 November 2004,[2004] SZSC 5,Leon JP,Beck JA,Zietaman JA,SZAC_3_2003.rtf
2004,6,supreme court,Nhleko v King,12/2004,,,12 November 2004,[2004] SZSC 6,Leon JP,Beck JA,Zietaman JA,SZAC_12_2004.rtf
2004,7,supreme court,Enyakatfo Investments (Pty)Ltd t/a Bemvelo Bottle Store v Metro Cash and Carry ,34/2004,,,16 November 2004,[2004] SZSC 7,Zietsman JA,Leon JA,Beck JA,SZAC_38_2002.rtf
2004,8,supreme court,Magagula v King,15/2004,,,17 November 2004,[2004] SZSC 8,Browde JA,Steyn JA,Tebbutt JA,SZAC_15_2004a.rtf
2004,9,supreme court,Khoza v King,25/2004,,,18 November 2004,[2004] SZSC 9,Browde JA,Steyn JA,Tebbutt JA,SZAC_25_2004.rtf
2004,10,supreme court,Mkhonta v King,27/2004,,,18 November 2004,[2004] SZSC 10,Tebbutt JA,Browde JA,Steyn JA,SZAC_27_2004.rtf
2004,11,supreme court,mkhwanazi and Others v King,18/2004,,,18 November 2004,[2004] SZSC 11,Browde JA,Steyn JA,Tebbutt JA,SZAC_18_2004.rtf
2004,12,supreme court,Zwane v King,3/2004,,,18 November 2004,[2004] SZSC 12,Browde JA,Tebbutt JA,Steyn JA,SZAC_3_2004.rtf
2004,13,supreme court,African Echo (Pty)Ltd v Minister of Finance and Others,46/2004,,,23 November 2004,[2004] SZSC 13,Leon JP,Beck JA,Zietaman JA,SZAC_46_2004.rtf
2004,14,supreme court,Dlamini v King,6/2003,,,23 November 2004,[2004] SZSC 14,Leon JP,Beck JA,Zietaman JA,SZCA_6_2003.rtf
2004,15,supreme court,Ginindza v Rex,20/2004,,,23 November 2004,[2004] SZSC 15,Zietsman JA,Leon JA,Beck JA,SZAC_20_2004.rtf
2004,16,supreme court,Khoza and Anotehr v Crown,13/2003,,,23 November 2004,[2004] SZSC 16,Zietsman JA,Leon JA,Beck JA,SZAC_14_2004.rtf
2004,17,supreme court,Makhabane v King,9/2004,,,23 November 2004,[2004] SZSC 17,Leon JP,Beck JA,Zietaman JA,SZAC_9_2004.rtf
2004,18,supreme court,Mazibuko v Rex,1/2004,,,23 November 2004,[2004] SZSC 18,Leon JP,Beck JA,Zietaman JA,SZAC_1_2004.rtf
2004,19,supreme court,Ndlangamandka v King,2/2003,,,23 November 2004,[2004] SZSC 19,Leon JP,Beck JA,Zietaman JA,SZAC_2_2003.rtf
2004,20,supreme court,Rex v Maseko ,7/2004,,,23 November 2004,[2004] SZSC 20,Leon JP,Steyn JA,Zietaman JA,SZAC_7_2004a.rtf
2004,21,supreme court,Shabalala and Another v King,32/2002,,,23 November 2004,[2004] SZSC 21,Leon JP,Back JA,Zietaman JA,SZAC_32_2002.rtf
2004,22,supreme court,Sibandze v King,10/2002,,,23 November 2004,[2004] SZSC 22,Browde JA,Steyn JA,Tebbutt JA,SZAC_10_2002.rtf
2004,23,supreme court,Macrea and Another v King,65/2001,,,25 November 2004,[2004] SZSC 23,Tebbutt JA,Browde JA,Steyn JA,SZAC_65_2001.rtf
2004,24,supreme court,Blignaut v King,1/2003,,,26 November 2004,[2004] SZSC 24,Leon JA,Beck JA,Zietaman JA,SZAC_1_2003.rtf
2004,25,supreme court,King v Ngubane,5/2004,,,29 November 2004,[2004] SZSC 25,Browde JA,Steyn JA,Tebbutt JA,SZCA_5_2004.rtf
